행정구역,22-1 전체,22-1 1층,22-1 1층 외,22-2 전체,22-2 1층,22-2 1층 외,22-3 전체,22-3 1층,22-3 1층 외,22-4 전체,22-4 1층,22-4 1층 외,23-1 전체,23-1 1층,23-1 1층 외
청운효자동,"129,755","181,103","78,407","147,878","212,258","83,498","142,725","195,183","90,268","155,797","224,849","86,744","151,256","225,252","77,260"
사직동,"145,664","185,390","105,938","162,108","217,048","107,167","166,024","228,857","103,192","173,553","246,659","100,447","150,227","209,365","91,088"
삼청동,"175,042","185,890","164,194","161,693","180,283","143,103","157,572","194,483","120,661","168,139","200,614","135,664","190,228","226,225","154,231"
부암동,"88,340","94,506","82,173","74,155","93,432","54,879","93,334","118,701","67,967","99,441","122,603","76,278","107,082","107,082",
평창동,"92,288","115,285","69,292","110,528","148,983","72,074","111,164","123,164","99,164","121,969","132,186","111,752","116,535",,"116,535"
무악동,"105,457","114,202","96,713","249,448","249,448",,"163,768","237,267","90,270",,,,,,
교남동,"206,719","218,421","195,017","203,425","244,185","162,665","217,880","288,201","147,558","200,555","285,647","115,463","101,769",,"101,769"
가회동,"142,922","202,364","83,480","133,865","189,990","77,740","147,693","202,463","92,922","142,796","197,115","88,478","147,750","182,265","113,234"
종로1·2·3·4가동,"193,808","253,334","134,283","201,789","259,160","144,418","206,819","263,752","149,885","192,001","244,442","139,559","187,156","245,914","128,398"
종로5·6가동,"261,380","258,320","264,440","299,121","283,696","314,545","297,056","272,298","321,813","281,017","263,403","298,631","286,159","280,661","291,657"
이화동,"129,072","173,541","84,604","178,553","201,957","155,149","216,799","216,193","217,405","185,904","218,797","153,011","138,022","167,447","108,598"
혜화동,"127,588","165,956","89,220","147,355","168,585","126,126","172,307","209,059","135,555","179,990","217,056","142,923","166,815","197,809","135,821"
창신1동,"174,189","217,466","130,913","187,331","237,234","137,427","185,260","212,277","158,243","180,189","204,278","156,099","192,102","195,088","189,117"
창신2동,"95,290","126,835","63,746","104,308","111,575","97,041","124,606","102,045","147,167","101,909","85,444","118,373","130,739","158,077","103,402"
창신3동,"84,071","97,560","70,581","74,261","81,483","67,038","93,762","133,431","54,093",,,,,,
숭인1동,"96,699","123,120","70,277","93,260","117,991","68,528","141,933","207,813","76,054","126,031","193,281","58,780","133,449","198,071","68,827"
숭인2동,"130,864","159,250","102,478","136,750","169,093","104,407","127,581","165,726","89,436","124,208","156,963","91,452","127,058","140,199","113,917"
소공동,"179,033","209,985","148,081","205,770","264,612","146,929","200,817","235,279","166,354","226,786","227,217","226,356","249,449","245,179","253,720"
회현동,"316,406","363,294","269,518","300,115","321,253","278,978","290,821","325,712","255,929","312,795","363,503","262,087","317,236","374,465","260,007"
명동,"197,310","239,232","155,389","219,685","238,028","201,342","222,975","247,380","198,569","248,622","280,116","217,128","272,611","339,342","205,881"
필동,"141,332","182,888","99,777","166,904","212,668","121,140","186,579","241,322","131,836","189,434","246,019","132,848","188,615","217,191","160,040"
장충동,"114,721","128,740","100,703","141,175","168,493","113,857","164,927","200,026","129,829","159,633","186,078","133,189","162,044","172,182","151,907"
광희동,"200,530","228,967","172,092","210,655","247,041","174,268","242,253","254,007","230,500","256,764","266,033","247,495","274,698","289,119","260,277"
을지로동,"154,362","211,481","97,243","175,964","238,229","113,699","212,645","287,716","137,575","237,245","314,662","159,828","247,792","333,720","161,864"
신당동,"372,835","377,462","368,207","389,083","393,845","384,321","391,082","388,625","393,539","389,385","364,571","414,199","402,111","379,403","424,819"
다산동,"124,983","139,348","110,617","182,588","204,853","160,322","176,225","196,239","156,212","173,151","216,201","130,101","159,257","188,676","129,838"
약수동,"136,272","180,632","91,911","158,497","202,839","114,154","197,356","257,115","137,596","226,068","259,591","192,546","259,622","289,901","229,343"
청구동,"135,753","163,984","107,522","161,939","221,408","102,470","205,477","214,053","196,902","162,594","148,111","177,076","169,627","146,151","193,104"
신당5동,"127,217","151,840","102,594","150,670","187,317","114,023","201,600","182,568","220,633","216,182","198,469","233,894","216,762","198,470","235,055"
동화동,"121,965","128,587","115,344","169,338","142,329","196,348","189,873","167,952","211,794","207,380","203,451","211,309","202,762","224,049","181,475"
황학동,"128,055","150,076","106,035","120,619","144,120","97,118","160,136","157,397","162,876","202,525","170,345","234,705","197,748","213,971","181,525"
중림동,"144,207","149,100","139,315","168,538","195,949","141,127","189,361","218,137","160,584","236,190","237,860","234,520","307,678","348,453","266,902"
후암동,"104,824","130,815","78,834","94,503","123,687","65,319","111,490","145,327","77,653","103,329","132,707","73,952","116,868","159,727","74,009"
용산2가동,"100,452","125,990","74,914","95,160","105,013","85,306","99,789","100,801","98,776","103,104","118,008","88,201","105,556","114,104","97,007"
남영동,"120,741","119,400","122,082","193,635","161,532","225,738","173,996","155,886","192,106","157,798","146,560","169,035","149,415","154,205","144,626"
청파동,"111,102","130,973","91,231","103,149","128,682","77,615","113,473","140,804","86,141","109,518","143,390","75,647","108,114","145,368","70,860"
원효로1동,"105,927","124,827","87,028","110,292","128,035","92,549","116,500","147,461","85,539","105,836","137,568","74,105","109,022","132,813","85,231"
원효로2동,"99,817","104,042","95,593","113,690","99,577","127,803","112,101","101,422","122,779","126,612","112,274","140,949","101,529","94,360","108,698"
효창동,"102,735","118,462","87,009","87,821","113,461","62,181","107,854","143,283","72,425","103,055","145,356","60,754","117,586","177,630","57,542"
용문동,"118,237","143,893","92,581","112,523","151,847","73,199","139,712","159,761","119,663","136,639","174,587","98,691","130,456","157,005","103,907"
한강로동,"141,339","163,001","119,677","143,376","158,722","128,030","136,670","157,839","115,500","126,387","138,484","114,290","121,102","133,044","109,161"
이촌1동,"222,481","276,824","168,137","217,392","315,971","118,813","222,914","326,180","119,648","232,037","340,529","123,546","237,754","334,546","140,963"
이촌2동,"116,845","116,845",,"80,615","80,615",,"73,833","67,019","80,647","69,916","69,916",,"54,623","54,623",
이태원1동,"163,576","187,681","139,470","165,601","193,422","137,779","164,061","178,459","149,664","191,528","213,115","169,942","185,408","216,836","153,980"
이태원2동,"143,911","171,719","116,102","195,088","221,164","169,011","171,653","195,883","147,423","172,109","194,046","150,172","153,605","184,292","122,917"
한남동,"133,206","155,337","111,075","115,832","118,259","113,405","130,747","126,530","134,964","133,757","138,265","129,248","146,607","163,414","129,799"
서빙고동,"95,602","99,137","92,068","127,315","127,315",,"77,561","94,562","60,560","86,268","90,824","81,713","78,141","90,221","66,062"
보광동,"108,143","130,205","86,082","157,145","130,762","183,529","107,562","122,978","92,147","96,089","120,038","72,140","102,420","118,355","86,484"
왕십리2동,"112,733","147,085","78,381","131,024","174,785","87,264","134,666","150,569","118,764","148,569","170,351","126,788","181,907","220,673","143,141"
왕십리도선동,"131,595","160,513","102,676","130,851","174,996","86,706","153,294","185,537","121,050","188,720","198,129","179,311","203,824","197,800","209,848"
마장동,"112,213","143,574","80,852","123,090","169,017","77,164","151,073","188,076","114,069","158,177","188,552","127,802","170,732","202,929","138,535"
사근동,"146,898","178,030","115,766","144,014","178,792","109,235","151,523","196,078","106,968","224,797","218,127","231,466","320,184","290,173","350,194"
행당1동,"119,981","135,400","104,561","126,856","147,319","106,394","154,840","151,727","157,953","189,018","189,047","188,989","224,350","195,329","253,371"
행당2동,"149,490","182,949","116,031","139,321","191,117","87,526","191,267","208,025","174,509","200,487","187,565","213,408","211,680","171,728","251,632"
응봉동,"109,042","105,982","112,101","109,681","109,681",,"98,297","105,611","90,983","300,141",,"300,141","286,227",,"286,227"
금호1가동,"104,552","116,885","92,218","121,085","115,913","126,256","132,862","135,960","129,765","130,301","135,960","124,642","161,099","219,969","102,230"
금호2·3가동,"137,181","144,876","129,485","152,781","185,343","120,219","173,882","229,709","118,055","179,143","248,919","109,367","169,363","258,134","80,591"
금호4가동,"119,358","143,001","95,715","80,373","105,020","55,725","187,159","187,250","187,068","225,265","248,469","202,062","247,148","259,017","235,279"
옥수동,"135,569","132,545","138,593","153,794","168,638","138,951","199,879","225,397","174,360","200,791","198,128","203,454","195,159","193,401","196,916"
성수1가1동,"111,825","106,515","117,136","101,051","97,797","104,305","134,286","111,172","157,401","157,825","108,806","206,843","197,818","176,925","218,711"
성수1가2동,"141,019","150,954","131,083","151,597","140,979","162,215","197,503","188,538","206,468","221,072","239,343","202,801","258,187","292,442","223,931"
성수2가1동,"101,069","114,623","87,514","103,112","115,566","90,658","145,366","146,625","144,107","152,585","145,855","159,314","196,739","187,300","206,178"
성수2가3동,"143,714","154,888","132,541","156,801","173,298","140,305","157,618","177,160","138,076","173,311","186,863","159,759","203,812","220,443","187,181"
송정동,"106,267","108,329","104,204","105,281","131,774","78,787","144,778","156,730","132,826","165,047","144,863","185,231","190,125","190,125",
용답동,"117,095","147,208","86,981","128,405","162,584","94,227","145,596","183,446","107,747","144,148","173,685","114,610","129,943","162,423","97,463"
화양동,"154,412","191,960","116,864","163,200","205,529","120,870","154,594","194,798","114,389","148,440","187,644","109,236","140,256","171,204","109,309"
군자동,"96,629","114,202","79,056","110,838","115,133","106,543","115,789","113,547","118,031","121,174","117,810","124,538","136,336","113,604","159,068"
중곡1동,"100,519","133,320","67,718","102,622","148,120","57,124","89,225","129,837","48,613","89,540","124,660","54,421","84,961","113,740","56,182"
중곡2동,"91,914","121,131","62,697","91,703","113,266","70,140","99,001","114,907","83,095","92,658","104,358","80,959","97,718","107,089","88,348"
중곡3동,"83,936","123,865","44,006","76,231","98,474","53,989","79,350","93,223","65,477","85,483","97,761","73,204","96,870","98,719","95,021"
중곡4동,"98,644","130,285","67,004","104,780","117,883","91,677","104,446","125,806","83,086","95,855","117,258","74,453","85,666","113,315","58,017"
능동,"125,998","171,085","80,911","134,779","164,330","105,229","124,504","158,619","90,389","116,337","142,715","89,959","106,892","130,902","82,883"
광장동,"111,634","128,904","94,365","126,380","149,880","102,880","143,548","180,317","106,779","147,295","182,573","112,017","143,796","170,673","116,919"
자양1동,"110,621","147,512","73,731","105,663","138,559","72,767","98,935","133,819","64,051","95,751","133,578","57,924","95,228","129,038","61,418"
자양2동,"101,911","109,520","94,303","112,462","105,930","118,995","112,274","98,036","126,512","109,256","101,280","117,233","110,408","99,836","120,980"
자양3동,"104,394","123,819","84,969","102,945","117,062","88,827","118,040","137,644","98,435","114,695","137,264","92,125","110,730","146,511","74,949"
자양4동,"121,484","146,960","96,008","141,243","161,519","120,968","133,161","150,708","115,614","135,236","143,423","127,050","114,745","130,860","98,630"
구의1동,"95,214","113,652","76,775","101,022","126,612","75,433","107,183","129,077","85,288","107,831","125,039","90,623","107,712","125,173","90,250"
구의2동,"113,545","136,481","90,609","102,145","121,444","82,845","92,023","113,776","70,271","95,073","116,323","73,822","90,625","106,505","74,745"
구의3동,"115,981","147,037","84,924","118,826","134,738","102,915","118,888","135,040","102,736","117,973","125,373","110,572","119,269","136,432","102,106"
용신동,"92,668","107,079","78,257","90,275","101,233","79,318","94,913","102,995","86,831","91,846","102,724","80,967","94,130","102,931","85,329"
제기동,"104,097","139,900","68,295","99,202","129,094","69,311","98,542","132,452","64,632","90,602","120,254","60,950","88,121","120,318","55,925"
전농1동,"103,697","117,132","90,263","94,905","128,463","61,347","93,087","112,579","73,595","91,869","108,523","75,215","103,847","116,774","90,919"
전농2동,"111,610","131,684","91,536","100,342","123,349","77,336","114,642","126,814","102,470","108,718","127,996","89,441","93,965","127,864","60,067"
답십리1동,"106,440","126,823","86,057","109,733","125,726","93,740","111,691","136,467","86,916","115,863","142,875","88,852","106,418","134,982","77,854"
답십리2동,"74,019","93,309","54,729","78,728","86,780","70,675","78,206","93,696","62,715","80,012","95,736","64,288","84,262","108,791","59,733"
장안1동,"81,861","101,411","62,312","82,337","101,635","63,039","86,986","102,388","71,585","87,936","104,005","71,867","91,352","106,930","75,773"
장안2동,"87,857","114,627","61,087","88,484","109,467","67,501","87,096","105,022","69,170","89,079","105,931","72,226","93,934","119,381","68,487"
청량리동,"103,385","126,859","79,910","102,843","124,920","80,767","93,160","127,002","59,318","94,276","124,390","64,161","90,637","121,204","60,070"
회기동,"106,773","149,331","64,215","102,687","129,134","76,240","112,619","127,573","97,665","124,122","146,428","101,817","119,096","144,702","93,489"
휘경1동,"125,539","183,683","67,395","114,367","174,392","54,343","120,096","185,403","54,788","95,945","142,949","48,941","78,714","113,460","43,967"
휘경2동,"72,089","83,336","60,842","80,105","100,457","59,753","116,378","105,546","127,210","107,301","95,211","119,391","110,476","76,179","144,773"
이문1동,"93,561","121,820","65,303","92,315","116,437","68,193","84,302","115,012","53,592","98,122","142,956","53,289","127,418","159,285","95,552"
이문2동,"72,622","91,139","54,105","89,992","120,347","59,637","90,862","122,099","59,625","87,243","112,258","62,228","73,509","101,182","45,836"
면목2동,"64,616","87,802","41,430","67,860","90,534","45,186","66,144","94,154","38,133","60,626","85,630","35,622","57,885","78,034","37,736"
면목4동,"94,193","70,113","118,272","71,319","92,485","50,153","76,072","102,882","49,262","77,119","102,271","51,966","69,811","93,269","46,352"
면목5동,"61,549","77,816","45,282","84,878","99,159","70,596","96,179","122,454","69,903","92,499","117,434","67,564","105,363","136,738","73,988"
면목본동,"88,501","113,857","63,146","96,630","112,891","80,369","98,441","114,596","82,285","95,041","122,765","67,317","86,921","116,177","57,665"
면목7동,"94,046","128,245","59,848","103,389","122,826","83,951","108,069","124,432","91,707","96,054","124,869","67,240","103,594","112,341","94,847"
면목3·8동,"95,930","105,316","86,545","108,308","114,037","102,579","105,755","106,944","104,567","102,791","102,841","102,741","78,031","101,331","54,731"
상봉1동,"77,482","98,502","56,463","86,825","106,448","67,203","72,924","107,949","37,899","83,753","116,170","51,335","92,004","125,997","58,011"
상봉2동,"85,258","107,194","63,322","86,606","107,476","65,736","83,486","106,553","60,419","87,221","106,659","67,784","92,433","119,993","64,873"
중화1동,"99,899","78,642","121,156","80,918","84,897","76,939","75,282","88,311","62,253","74,934","91,703","58,164","63,389","80,602","46,176"
중화2동,"84,915","104,572","65,259","73,786","95,653","51,920","89,868","115,674","64,061","88,913","123,515","54,310","89,744","116,573","62,915"
묵1동,"101,018","124,962","77,075","100,167","126,550","73,784","110,767","135,592","85,943","107,659","137,320","77,997","107,929","125,217","90,640"
묵2동,"84,898","91,561","78,234","59,016","81,094","36,938","70,613","93,346","47,880","68,565","88,351","48,779","90,760","93,037","88,484"
망우본동,"85,352","114,873","55,830","87,276","110,881","63,671","80,768","100,622","60,913","80,149","96,462","63,836","84,653","99,898","69,409"
망우3동,"64,858","76,929","52,787","73,096","84,867","61,324","65,722","92,100","39,343","66,444","92,978","39,911","63,841","94,490","33,191"
신내1동,"85,632","100,043","71,220","109,849","138,560","81,138","100,697","109,692","91,702","104,376","117,243","91,508","88,356","109,830","66,882"
신내2동,"122,563","163,473","81,654","135,636","200,122","71,149","122,343","179,815","64,871","102,036","142,927","61,144","95,319","144,238","46,401"
성북동,"112,301","137,860","86,743","105,381","133,602","77,159","95,657","112,845","78,470","99,026","107,393","90,658","111,305","138,270","84,339"
삼선동,"90,396","114,332","66,459","100,657","117,521","83,793","99,877","111,729","88,025","106,558","125,054","88,061","97,454","126,134","68,775"
동선동,"136,744","163,726","109,762","127,516","151,767","103,265","130,328","160,492","100,164","113,708","131,876","95,541","107,565","142,748","72,382"
돈암1동,"116,207","137,420","94,994","214,069","153,648","274,491","217,283","134,809","299,757","128,049","128,049",,"134,798","134,798",
돈암2동,"148,385","176,429","120,340",,,,"71,665","110,812","32,518",,,,"141,219",,"141,219"
안암동,"114,567","151,693","77,441","126,182","179,590","72,775","113,078","144,935","81,220","123,520","159,075","87,966","120,892","157,211","84,573"
보문동,"85,935","103,803","68,067","93,423","89,500","97,346","101,095","95,308","106,882","99,525","111,324","87,726","90,225","116,386","64,064"
정릉1동,"83,929","86,736","81,122","100,005","132,231","67,778","102,096","141,230","62,963","111,151","139,700","82,602","100,930","132,860","69,000"
정릉2동,"87,021","96,942","77,099","81,847","81,067","82,627","99,900","111,730","88,071","107,450","124,468","90,431","99,432","120,089","78,774"
정릉3동,"81,621","72,298","90,943","55,510","55,510",,"72,242","87,782","56,703","91,189","91,189",,"66,624","95,300","37,947"
정릉4동,"100,053","145,843","54,262","88,570","124,493","52,647","107,295","149,254","65,335","87,493","133,551","41,436","102,011","147,239","56,783"
길음1동,"159,478","190,006","128,949","199,311","234,705","163,916","165,365","158,123","172,607","158,724","155,582","161,866","158,453","151,967","164,940"
길음2동,"130,294","176,555","84,033","92,266","96,153","88,379","96,376","107,696","85,057","99,873","100,962","98,784","137,994","152,183","123,806"
종암동,"98,582","102,614","94,549","114,409","116,998","111,821","103,993","108,382","99,604","96,110","101,636","90,584","95,261","102,096","88,426"
월곡1동,"104,262","124,482","84,042","82,241","84,887","79,596","89,408","103,168","75,647","104,985","121,134","88,837","94,461","116,480","72,442"
월곡2동,"98,843","129,528","68,157","98,819","111,896","85,742","107,776","134,000","81,552","102,241","130,447","74,035","95,284","128,624","61,944"
장위1동,"60,909","76,714","45,105","63,814","82,768","44,860","81,219","80,163","82,276","71,710","69,506","73,913","77,833","67,312","88,354"
장위2동,"86,116","92,833","79,399","67,688","67,470","67,906","76,362","78,402","74,322","77,715","82,463","72,968","88,883","110,466","67,299"
장위3동,"149,127","170,364","127,890","122,056","142,855","101,257","115,541","156,841","74,241","98,569","130,696","66,442","87,034","118,475","55,592"
석관동,"80,590","104,598","56,582","97,495","137,873","57,118","82,884","114,590","51,178","75,510","107,928","43,091","65,172","89,221","41,123"
삼양동,"93,683","116,616","70,750","102,968","120,556","85,381","109,027","132,188","85,867","102,575","127,132","78,018","100,053","120,250","79,855"
미아동,"88,818","115,548","62,087","97,590","117,530","77,650","95,094","111,705","78,482","98,973","114,499","83,448","81,822","102,191","61,454"
송중동,"115,968","133,702","98,234","102,114","132,481","71,746","100,198","120,602","79,793","102,186","135,682","68,691","101,906","133,971","69,842"
송천동,"84,409","94,343","74,475","94,410","109,015","79,804","81,598","106,034","57,163","79,203","101,666","56,741","73,874","93,376","54,372"
삼각산동,"115,533","128,688","102,378","118,574","136,534","100,614","147,112","141,990","152,235","146,156","146,255","146,058","130,121","115,322","144,921"
번1동,,,,,,,,,,,,,"85,303","105,852","64,755"
번2동,,,,,,,,,,,,,"50,009","61,079","38,939"
번3동,,,,,,,,,,,,,"91,766","140,925","42,608"
수유1동,,,,,,,,,,,,,"73,294","96,016","50,571"
수유2동,,,,,,,,,,,,,"54,191","74,801","33,581"
수유3동,,,,,,,,,,,,,"91,227","117,010","65,445"
우이동,"70,267","97,047","43,487","62,514","85,197","39,831","68,819","90,495","47,144","69,436","94,902","43,971","68,963","95,905","42,021"
인수동,"58,998","65,559","52,438","65,242","61,532","68,953","69,057","70,677","67,437","61,785","76,790","46,780","63,303","83,950","42,656"
창1동,"115,730","128,929","102,530","102,065","115,719","88,410","119,836","122,435","117,236","107,603","97,460","117,746","110,861","93,776","127,946"
창2동,"90,160","87,917","92,404","95,211","80,410","110,012","74,578","90,299","58,858","76,331","98,245","54,416","100,846","97,784","103,908"
창3동,"67,899","83,160","52,638","79,163","92,663","65,663","71,214","74,542","67,886","70,389","75,751","65,027","74,367","87,621","61,113"
창4동,"135,777","199,203","72,350","157,190","239,532","74,849","132,112","184,139","80,085","142,108","201,165","83,052","146,251","224,296","68,206"
창5동,"109,589","160,072","59,106","107,913","155,684","60,142","111,003","156,917","65,088","121,173","168,273","74,073","132,138","168,232","96,044"
도봉1동,"66,000","87,072","44,928","98,132","108,866","87,398","98,600","99,662","97,539","91,900","95,172","88,627","64,975","85,541","44,410"
도봉2동,"85,263","115,038","55,488","87,237","116,185","58,288","85,146","110,325","59,968","78,265","103,207","53,323","99,061","128,560","69,561"
쌍문1동,"80,168","80,767","79,568","68,229","73,755","62,704","68,513","73,416","63,611","71,847","77,928","65,767","88,401","97,986","78,817"
쌍문2동,"98,730","118,850","78,611","95,574","115,840","75,308","89,643","136,362","42,924","86,057","137,038","35,076","93,141","145,192","41,090"
쌍문3동,"82,162","105,761","58,564","83,488","87,349","79,627","103,604","134,133","73,076","107,808","147,239","68,376","133,035","193,213","72,858"
쌍문4동,"93,076","127,752","58,400","92,602","118,890","66,314","86,403","116,741","56,065","93,451","125,463","61,439","99,578","114,392","84,765"
방학1동,"82,014","112,491","51,537","79,528","104,580","54,475","88,305","118,941","57,670","96,201","129,297","63,105","123,379","157,609","89,149"
방학2동,"64,715","86,954","42,477","69,667","95,218","44,117","67,209","84,190","50,227","75,837","89,014","62,660","84,746","95,742","73,750"
방학3동,"82,209","105,249","59,169","88,791","111,712","65,870","77,298","101,967","52,629","74,211","84,223","64,199","87,355","90,580","84,130"
월계1동,"103,219","140,368","66,069","83,281","124,702","41,860","79,032","100,368","57,696","84,583","104,380","64,787","141,701","139,603","143,800"
월계2동,"76,370","77,172","75,569","89,003","127,821","50,185","104,185","123,120","85,250","135,292","129,650","140,934","128,668","124,773","132,563"
월계3동,"141,819","208,850","74,789","184,009",,"184,009","123,949","169,277","78,621","78,011",,"78,011","63,948",,"63,948"
공릉1동,"87,888","115,350","60,426","89,522","112,640","66,404","93,234","110,138","76,330","97,539","115,750","79,327","92,123","110,768","73,478"
공릉2동,"97,559","127,216","67,902","106,918","126,850","86,987","112,790","136,246","89,333","124,654","138,712","110,596","116,871","146,238","87,504"
하계1동,"99,187","102,436","95,937","97,928","99,886","95,970","100,738","103,314","98,162","88,234","103,440","73,028","88,553","120,284","56,822"
하계2동,"140,897","185,044","96,749","144,581","186,909","102,254","154,099","218,969","89,228","158,592","234,426","82,759","171,263","241,719","100,806"
중계본동,"103,329","136,511","70,146","126,381","185,718","67,044","117,472","165,117","69,826","115,173","162,211","68,134","103,273","132,119","74,428"
중계1동,"128,155","159,770","96,540","158,847","175,386","142,308","156,255","177,925","134,586","139,104","167,121","111,087","129,021","173,803","84,238"
중계4동,"99,598","139,997","59,199","84,809","127,031","42,586","87,529","124,853","50,205","98,350","147,410","49,291","100,865","150,424","51,306"
중계2·3동,"121,898","161,738","82,058","146,276","190,370","102,182","157,466","191,557","123,375","180,251","196,462","164,041","158,015","153,567","162,462"
상계1동,"85,034","112,116","57,951","96,476","138,751","54,201","95,047","134,333","55,761","99,946","144,872","55,021","87,625","119,087","56,162"
상계2동,"113,160","151,091","75,229","100,766","135,660","65,871","119,407","137,234","101,580","132,985","152,620","113,351","150,893","175,881","125,904"
상계3·4동,"93,579","93,401","93,757","118,445","100,126","136,764","164,045","113,723","214,367","179,794","110,448","249,140","179,648","98,494","260,801"
상계5동,"84,376","113,577","55,176","71,250","92,082","50,417","86,051","87,387","84,716","87,926","88,941","86,911","89,554","86,002","93,106"
상계6·7동,"148,044","182,460","113,629","169,862","202,319","137,405","165,845","181,793","149,897","174,604","190,926","158,281","164,330","181,522","147,139"
상계8동,"139,410","214,383","64,437","67,005",,"67,005","148,945","234,064","63,826","63,768",,"63,768","158,060","249,198","66,921"
상계9동,"119,874","167,743","72,006","103,942","133,385","74,500","117,654","153,185","82,122","99,629","117,930","81,328","91,444","109,341","73,547"
상계10동,"114,404","147,629","81,180","141,792","141,792",,"153,751","236,992","70,509","63,389",,"63,389","252,988","252,988",
녹번동,"101,474","118,286","84,663","98,095","118,513","77,677","108,613","127,304","89,922","100,953","121,431","80,474","96,638","115,558","77,719"
불광1동,"88,992","118,464","59,520","86,557","119,557","53,557","89,235","118,862","59,607","90,780","124,370","57,191","85,945","109,290","62,599"
불광2동,"109,939","119,869","100,009","106,037","104,055","108,018","91,860","117,910","65,810","84,195","97,711","70,679","82,396","98,403","66,389"
갈현1동,"101,241","123,175","79,307","113,885","150,602","77,167","95,955","144,272","47,639","94,059","137,228","50,889","88,708","123,215","54,201"
갈현2동,"93,489","130,179","56,799","110,737","113,939","107,535","127,820","111,616","144,024","115,101","106,287","123,915","104,230","104,803","103,656"
구산동,"90,805","111,600","70,011","104,536","125,707","83,366","123,740","121,586","125,894","129,327","122,878","135,776","115,114","99,579","130,648"
대조동,"116,886","123,437","110,336","112,524","123,220","101,829","101,670","135,796","67,543","96,507","122,120","70,895","107,032","136,871","77,192"
응암1동,"107,351","137,727","76,975","109,528","127,226","91,830","111,646","131,652","91,640","109,093","127,230","90,956","99,759","121,208","78,311"
응암2동,"136,926","154,897","118,954","140,653","135,770","145,536","142,263","147,665","136,861","106,105","98,580","113,631","99,976","106,715","93,237"
응암3동,"86,796","113,824","59,767","83,350","101,502","65,197","95,845","110,795","80,895","91,362","110,744","71,981","94,319","113,357","75,281"
역촌동,"90,794","107,693","73,894","91,064","114,006","68,122","92,688","121,075","64,300","87,164","108,726","65,602","86,234","103,539","68,929"
신사1동,"91,863","101,180","82,547","85,253","100,307","70,200","86,456","106,768","66,143","90,815","102,235","79,395","94,485","107,835","81,134"
신사2동,"74,225","79,461","68,988","63,436","78,375","48,497","92,492","91,279","93,704","90,736","96,797","84,676","96,657","108,214","85,099"
증산동,"85,705","81,875","89,535","108,216","97,958","118,474","85,958","78,488","93,428","87,268","84,486","90,050","80,435","66,403","94,467"
수색동,"112,998","102,892","123,104","111,475","97,751","125,199","111,956","85,720","138,192","89,896","89,555","90,238","93,688","105,587","81,789"
진관동,"118,019","142,515","93,524","137,584","146,378","128,791","131,251","132,548","129,954","131,785","140,423","123,147","131,709","140,834","122,584"
천연동,"105,996","151,234","60,758","97,650","129,931","65,369","90,135","108,417","71,853","108,659","143,408","73,911","126,679","186,416","66,942"
북아현동,"133,385","162,093","104,677","112,307","143,050","81,563","99,571","116,223","82,920","99,374","125,650","73,099","92,080","115,189","68,972"
충현동,"116,239","135,008","97,470","112,100","119,371","104,828","119,757","140,366","99,148","127,318","153,832","100,803","128,797","144,404","113,189"
신촌동,"140,148","181,126","99,170","124,398","143,957","104,838","145,900","141,166","150,633","156,748","144,443","169,054","165,289","157,560","173,018"
연희동,"103,226","115,698","90,754","96,148","103,581","88,715","102,968","114,456","91,480","113,064","137,829","88,299","119,783","137,420","102,147"
홍제1동,"117,055","135,008","99,102","113,723","140,314","87,133","104,177","121,478","86,875","94,331","104,400","84,262","87,658","101,052","74,265"
홍제3동,"95,467","110,191","80,742","99,032","104,279","93,786","107,082","115,803","98,360","93,344","128,018","58,669","100,751","129,398","72,104"
홍제2동,"122,350","144,229","100,472","96,190","129,891","62,489","136,660","148,678","124,641","148,777","170,007","127,546","121,510","114,536","128,484"
홍은1동,"100,168","92,723","107,612","88,513","90,998","86,028","88,554","91,170","85,939","103,107","99,401","106,812","105,857","103,390","108,323"
홍은2동,"97,379","107,874","86,883","102,958","104,533","101,383","110,966","117,540","104,392","89,072","113,357","64,787","90,205","122,937","57,472"
남가좌1동,"154,567","146,739","162,395","148,558","148,643","148,473","123,826","152,834","94,819","127,748","176,093","79,403","123,986","183,901","64,071"
남가좌2동,"113,388","116,361","110,416","81,091","99,421","62,762","89,404","110,929","67,879","88,568","108,006","69,130","121,769","124,850","118,688"
북가좌1동,"121,076","86,486","155,667","188,126","91,191","285,061","212,706","106,450","318,962","196,728","147,583","245,874","148,338","154,971","141,706"
북가좌2동,"86,080","99,147","73,013","78,986","86,076","71,897","95,149","108,602","81,696","91,703","110,165","73,241","87,215","113,951","60,480"
아현동,"150,739","201,924","99,554","152,550","213,923","91,177","168,132","222,219","114,044","165,957","211,388","120,525","163,786","201,565","126,008"
공덕동,"121,128","120,380","121,875","128,703","139,096","118,311","128,042","145,739","110,346","116,441","126,712","106,170","137,962","144,168","131,756"
도화동,"158,585","221,889","95,281","146,430","211,494","81,366","135,110","179,665","90,555","129,721","162,772","96,670","129,164","151,441","106,887"
용강동,"137,815","179,105","96,525","166,892","214,126","119,658","140,962","156,530","125,394","150,036","186,100","113,973","163,977","206,086","121,868"
대흥동,"135,022","154,904","115,139","154,429","173,827","135,031","155,713","188,189","123,236","162,222","182,624","141,821","167,553","196,887","138,220"
염리동,"138,016","179,131","96,900","158,127","175,774","140,481","193,343","207,463","179,223","182,486","202,994","161,978","195,899","195,899",
신수동,"145,553","152,046","139,060","142,908","147,765","138,051","159,644","153,898","165,389","134,601","139,437","129,766","163,170","161,147","165,192"
서강동,"151,808","167,757","135,859","173,619","199,102","148,136","187,627","223,686","151,567","199,794","234,832","164,756","190,352","214,717","165,986"
서교동,"161,603","194,287","128,919","155,220","177,627","132,812","173,403","207,286","139,520","181,289","211,684","150,894","190,553","220,182","160,924"
합정동,"131,301","157,044","105,558","131,065","157,607","104,523","160,572","185,678","135,466","170,941","194,733","147,149","179,518","207,122","151,915"
망원1동,"135,592","161,158","110,027","136,665","148,355","124,974","148,392","172,226","124,558","143,817","170,736","116,899","148,075","172,755","123,396"
망원2동,"97,684","117,187","78,182","110,764","135,507","86,021","130,352","162,656","98,048","132,228","166,562","97,895","137,910","166,882","108,939"
연남동,"141,807","148,578","135,037","159,504","166,919","152,088","184,397","197,819","170,976","172,431","191,219","153,643","172,207","189,189","155,226"
성산1동,"93,226","115,032","71,419","101,530","115,632","87,428","131,082","140,618","121,546","134,727","147,330","122,124","141,763","156,772","126,755"
성산2동,"135,584","134,691","136,477","140,311","142,073","138,549","179,759","220,487","139,032","173,331","198,056","148,605","183,415","196,503","170,327"
상암동,"150,592","185,451","115,733","168,863","206,354","131,371","178,069","219,947","136,190","171,711","196,253","147,168","134,175","154,413","113,938"
목1동,"153,427","211,497","95,357","133,144","179,690","86,598","135,093","178,287","91,898","152,909","212,514","93,303","142,569","185,154","99,984"
목2동,"117,154","131,211","103,097","107,766","138,435","77,097","128,645","162,408","94,883","127,464","161,428","93,501","114,852","131,679","98,025"
목3동,"114,040","140,404","87,677","110,789","121,097","100,481","106,860","112,176","101,544","99,774","99,607","99,941","91,147","103,221","79,074"
목4동,"96,767","123,939","69,594","102,858","123,033","82,683","87,550","103,071","72,028","100,014","120,914","79,114","97,843","120,320","75,366"
목5동,"156,006","219,985","92,026","188,400","275,461","101,339","177,508","251,760","103,256","182,760","256,489","109,030","166,900","232,819","100,980"
신월1동,"71,749","85,211","58,286","77,293","80,181","74,404","110,322","86,302","134,342","102,701","85,342","120,061","107,380","86,258","128,502"
신월2동,"74,776","87,783","61,769","76,971","87,360","66,582","70,840","88,991","52,689","89,261","125,227","53,295","99,271","142,197","56,346"
신월3동,"91,049","69,399","112,699","51,682","58,889","44,475","53,871","62,807","44,935","74,558","102,219","46,897","88,467","112,143","64,791"
신월4동,"72,238","99,659","44,817","66,337","84,263","48,411","65,760","88,169","43,351","78,892","91,617","66,168","97,777","123,614","71,941"
신월5동,"86,428","83,769","89,087","92,908","85,519","100,297","97,713","79,690","115,736","83,687","77,792","89,581","74,969","76,650","73,287"
신월6동,"111,185","132,614","89,755","126,305","141,739","110,871","118,260","126,399","110,122","116,132","119,424","112,839","132,659","132,659",
신월7동,"60,330","79,813","40,848","55,896","77,815","33,978","64,413","88,306","40,520","78,537","93,332","63,743","77,411","89,235","65,586"
신정1동,"89,752","127,344","52,161","85,799","115,921","55,677","89,182","124,460","53,905","95,922","129,084","62,760","107,387","146,566","68,207"
신정2동,"92,010","123,771","60,248","87,786","112,751","62,822","96,450","133,339","59,562","93,583","126,406","60,760","84,983","121,563","48,402"
신정3동,"101,570","145,392","57,748","123,936","188,206","59,665","116,297","175,050","57,545","115,200","167,322","63,078","119,701","174,331","65,072"
신정4동,"105,058","122,092","88,024","107,515","114,870","100,160","99,334","116,397","82,272","112,407","129,724","95,090","123,772","125,154","122,390"
신정6동,"145,722","197,585","93,860","130,244","189,591","70,897","129,551","190,150","68,953","134,661","189,796","79,526","84,144",,"84,144"
신정7동,"99,486","114,198","84,775","106,379","105,471","107,287","107,732","108,665","106,799","100,907","110,092","91,721","131,718","214,281","49,154"
염창동,"107,885","134,168","81,603","109,564","134,910","84,218","96,224","127,700","64,748","99,177","125,705","72,649","103,508","127,651","79,365"
등촌1동,"117,087","145,123","89,051","119,297","149,542","89,053","112,029","138,787","85,271","121,658","158,307","85,010","124,975","175,962","73,987"
등촌2동,"109,193","122,986","95,401","128,159","123,828","132,490","97,981","115,925","80,038","107,134","147,822","66,446","129,526","174,396","84,655"
등촌3동,"136,190","180,089","92,291","130,584","175,665","85,503","128,599","171,077","86,121","134,498","166,042","102,954","133,912","146,764","121,059"
화곡1동,"101,126","117,464","84,787","95,408","113,986","76,830","92,411","106,564","78,257","85,956","91,470","80,442","95,861","93,766","97,956"
화곡2동,"74,874","83,321","66,427","64,799","79,364","50,234","60,172","82,366","37,978","98,103","141,446","54,761","107,530","160,411","54,649"
화곡3동,"118,166","151,577","84,755","106,652","151,306","61,998","99,521","125,371","73,671","110,145","127,058","93,233","140,940","114,734","167,147"
화곡4동,"87,322","119,235","55,409","86,839","124,082","49,595","87,663","119,763","55,564","96,888","134,712","59,065","95,474","129,130","61,817"
화곡본동,"97,376","102,381","92,371","100,660","105,979","95,342","92,006","102,691","81,320","102,773","118,068","87,478","110,049","124,773","95,324"
화곡6동,"120,430","141,598","99,261","130,795","133,155","128,435","112,555","125,782","99,328","130,230","143,548","116,912","144,691","172,549","116,834"
화곡8동,"104,719","138,777","70,661","96,338","116,517","76,159","107,187","120,107","94,267","111,357","118,284","104,430","131,627","146,081","117,173"
가양1동,"166,089","224,824","107,354","171,312","225,670","116,955","166,543","225,998","107,088","177,694","241,853","113,534","187,046","253,424","120,667"
가양2동,"133,662","150,270","117,054","139,028","183,135","94,920","219,611","372,896","66,326","64,788",,"64,788",,,
가양3동,"114,215","111,192","117,238","102,949",,"102,949","95,560","90,831","100,289","160,666","245,238","76,094","69,446",,"69,446"
발산1동,"117,874","160,980","74,767","121,378","165,732","77,024","121,170","153,602","88,737","126,364","155,151","97,577","127,329","156,767","97,891"
우장산동,"122,920","138,085","107,755","128,684","129,653","127,715","129,044","140,345","117,743","135,366","141,707","129,024","124,290","136,574","112,006"
공항동,"128,086","110,860","145,311","128,890","98,977","158,802","104,092","96,218","111,967","98,288","115,437","81,140","104,020","126,973","81,067"
방화1동,"112,358","142,987","81,729","96,053","127,589","64,518","97,277","129,804","64,750","108,162","152,910","63,414","117,915","153,552","82,279"
방화2동,"82,522","107,714","57,330","78,663","88,327","68,998","70,607","89,263","51,952","84,456","98,012","70,901","97,374","108,863","85,885"
방화3동,"116,043","175,280","56,806","133,672","221,209","46,135","127,612","213,303","41,921","143,687","241,515","45,860","176,799","304,852","48,747"
신도림동,"107,381","129,201","85,561","124,753","162,231","87,275","138,962","174,266","103,658","156,946","199,091","114,801","159,821","204,681","114,961"
구로1동,"141,899","175,981","107,817","119,622","154,719","84,525","115,374","144,089","86,659","106,191","130,035","82,348","113,772","157,605","69,940"
구로2동,"105,030","124,674","85,385","115,848","146,889","84,806","125,348","149,579","101,117","125,049","144,790","105,309","123,620","125,658","121,581"
구로3동,"154,857","187,676","122,037","178,610","199,316","157,904","207,405","246,906","167,904","208,882","254,029","163,736","190,076","234,226","145,926"
구로4동,"101,047","136,765","65,329","111,960","152,106","71,814","113,008","151,429","74,588","109,015","138,245","79,784","122,336","141,671","103,001"
구로5동,"104,862","100,827","108,896","113,081","122,956","103,205","127,289","154,149","100,429","128,718","155,850","101,586","135,322","169,355","101,289"
가리봉동,"91,283","108,932","73,633","118,873","108,715","129,030","144,893","156,536","133,250","132,281","141,444","123,118","146,408","146,102","146,715"
고척1동,"71,585","96,953","46,218","85,068","111,397","58,739","101,653","142,359","60,948","127,029","187,142","66,915","119,678","170,519","68,837"
고척2동,"62,290","80,271","44,310","60,889","83,064","38,713","90,797","112,131","69,464","99,312","127,763","70,861","95,423","118,730","72,117"
개봉1동,"81,349","93,350","69,348","84,761","107,296","62,226","103,078","114,975","91,180","100,698","103,722","97,674","98,507","93,931","103,083"
개봉2동,"97,633","133,339","61,926","113,123","125,830","100,416","126,246","127,120","125,373","164,228","138,581","189,875","169,669","172,260","167,079"
개봉3동,"82,354","98,868","65,840","92,190","98,221","86,158","109,290","135,504","83,075","104,400","140,550","68,250","91,362","134,795","47,928"
오류1동,"91,408","109,482","73,334","106,458","139,076","73,841","129,259","166,982","91,536","134,807","170,402","99,211","132,769","163,653","101,885"
오류2동,"96,307","128,574","64,041","94,613","118,376","70,849","124,227","156,834","91,620","136,914","163,053","110,774","141,586","177,334","105,838"
수궁동,"84,690","111,983","57,398","89,412","114,965","63,859","99,969","129,638","70,300","89,885","110,702","69,067","80,810","97,625","63,996"
항동,,,,,,,,,,,,,"177,474","228,470","126,479"
가산동,"121,086","142,745","99,427","107,505","134,211","80,799","107,141","132,819","81,463","113,597","142,572","84,623","121,402","151,903","90,902"
독산1동,"90,634","106,303","74,965","89,245","104,696","73,795","88,218","101,269","75,167","86,823","101,106","72,540","88,209","92,565","83,853"
독산2동,"86,055","90,369","81,742","65,909","89,792","42,026","58,540","70,055","47,024","63,699","69,104","58,294","66,880","72,255","61,504"
독산3동,"85,760","100,429","71,092","78,067","97,655","58,480","84,179","108,489","59,868","84,889","113,213","56,565","88,449","103,025","73,873"
독산4동,"73,807","101,320","46,294","73,022","91,445","54,599","63,717","85,839","41,596","62,725","82,420","43,030","65,107","78,547","51,667"
시흥1동,"93,472","130,200","56,745","83,070","119,198","46,942","97,412","138,525","56,298","105,098","140,288","69,908","109,021","141,221","76,820"
시흥2동,"75,226","70,745","79,706","89,154","101,366","76,943","108,916","133,762","84,069","105,525","123,945","87,104","66,203",,"66,203"
시흥3동,"108,488","102,647","114,329","73,296","107,914","38,677","82,220","115,374","49,065","81,694","115,295","48,093","81,203","115,397","47,008"
시흥4동,"70,837","92,793","48,880","99,480","99,480",,"94,587","117,109","72,064","86,389","86,389",,"102,829","102,829",
시흥5동,"84,367","106,955","61,779","119,757","118,114","121,400","69,372","103,707","35,037","77,376","104,034","50,718","93,882","107,801","79,963"
영등포본동,"99,259","107,536","90,982","104,170","112,800","95,540","111,728","116,034","107,422","108,832","128,709","88,955","109,684","139,094","80,274"
영등포동,"124,036","150,798","97,273","120,727","146,160","95,294","122,676","132,897","112,455","123,248","130,130","116,366","119,575","123,098","116,052"
여의동,"155,270","197,216","113,323","145,004","189,147","100,860","163,001","222,020","103,982","178,520","242,828","114,213","182,586","243,490","121,682"
당산1동,"93,249","115,405","71,093","90,731","127,868","53,593","97,525","121,557","73,493","100,299","123,498","77,101","93,734","108,239","79,229"
당산2동,"132,118","166,141","98,095","140,273","160,723","119,824","126,399","142,548","110,249","127,061","139,398","114,725","114,584","126,572","102,596"
도림동,"96,708","108,763","84,653","84,893","98,450","71,336","94,687","107,094","82,280","87,417","104,939","69,894","91,783","108,525","75,042"
문래동,"107,620","121,875","93,365","115,418","133,357","97,478","105,558","119,302","91,813","107,623","111,620","103,625","108,261","102,941","113,580"
양평1동,"100,435","106,710","94,160","91,972","106,391","77,552","101,671","109,460","93,881","100,122","113,609","86,636","129,588","177,936","81,241"
양평2동,"99,547","110,604","88,490","111,889","122,417","101,361","113,082","135,166","90,999","116,867","131,195","102,539","117,896","132,293","103,499"
신길1동,"86,742","101,846","71,638","97,261","104,849","89,674","91,426","117,044","65,808","77,528","101,172","53,884","79,815","116,157","43,472"
신길3동,"90,303","104,921","75,685","92,443","108,606","76,281","104,823","114,540","95,106","97,915","110,610","85,220","97,715","104,633","90,797"
신길4동,"88,959","93,132","84,787","93,345","78,632","108,057","108,133","79,401","136,865","100,862","77,117","124,607","104,184","57,895","150,473"
신길5동,"100,708","103,095","98,320","108,913","108,913",,"186,074","112,633","259,516","115,505","115,505",,"93,822","93,822",
신길6동,"95,829","118,817","72,841","92,327","107,917","76,737","103,926","122,778","85,073","110,171","122,458","97,883","106,903","130,469","83,336"
신길7동,"99,477","109,010","89,943","108,502","107,004","110,000","95,191","101,093","89,289","102,411","116,423","88,399","103,467","130,668","76,266"
대림1동,"116,885","114,279","119,491","117,164","102,086","132,242","104,550","100,461","108,638","84,597","105,648","63,545","83,760","96,637","70,882"
대림2동,"120,728","156,880","84,575","147,618","200,531","94,705","171,384","207,743","135,025","157,509","179,563","135,455","142,839","157,694","127,984"
대림3동,"74,241","94,483","54,000","80,585","97,187","63,984","98,556","116,887","80,226","98,628","125,324","71,933","119,377","154,542","84,212"
노량진1동,"127,525","173,544","81,506","128,683","147,849","109,516","115,523","117,754","113,291","127,740","127,481","128,000","144,987","158,830","131,145"
노량진2동,"277,035","306,013","248,057","311,838","362,093","261,583","306,173","329,648","282,698","196,047","212,604","179,489","190,061","205,201","174,922"
상도1동,"113,049","127,619","98,480","122,721","132,034","113,407","121,528","133,176","109,879","138,036","141,212","134,859","151,021","141,755","160,287"
상도2동,"109,437","133,151","85,722","119,220","128,226","110,214","108,697","127,003","90,390","113,300","144,115","82,485","115,038","154,059","76,018"
상도3동,"104,490","146,481","62,499","93,133","113,632","72,635","118,057","155,112","81,002","131,125","185,271","76,979","134,669","184,204","85,133"
상도4동,"83,129","104,288","61,970","86,176","107,707","64,645","87,461","110,007","64,915","87,210","114,733","59,686","85,417","109,616","61,219"
흑석동,"117,378","141,963","92,792","110,760","129,778","91,742","108,814","138,482","79,145","119,230","146,105","92,355","113,468","144,505","82,430"
사당1동,"105,711","125,386","86,036","155,343","161,417","149,269","152,940","161,389","144,491","160,696","145,319","176,072","153,889","132,460","175,318"
사당2동,"126,298","167,147","85,449","129,512","172,888","86,137","132,054","186,327","77,782","156,580","223,972","89,189","157,381","221,469","93,293"
사당3동,"100,679","119,894","81,465","124,486","186,923","62,050","138,732","195,044","82,421","160,372","226,454","94,291","138,025","166,402","109,648"
사당4동,"96,700","127,425","65,975","144,076","144,076",,"96,272","133,309","59,235","113,163","163,426","62,900","121,959","175,519","68,398"
사당5동,"75,944","81,432","70,455","92,158","110,609","73,708","100,537","125,603","75,470","112,026","112,026",,"94,627","95,550","93,704"
대방동,"100,565","123,338","77,791","111,741","144,865","78,616","106,789","128,779","84,799","96,300","118,280","74,321","98,816","114,964","82,669"
신대방1동,"86,108","109,439","62,776","97,676","122,903","72,448","109,286","138,022","80,549","105,449","134,234","76,665","96,215","131,724","60,707"
신대방2동,"125,172","164,872","85,471","139,831","155,619","124,043","103,151","131,365","74,936","113,134","153,431","72,836","115,206","166,231","64,181"
보라매동,"121,877","134,633","109,121","128,252","133,107","123,397","100,617","98,021","103,213","88,601","98,247","78,955","96,445","94,202","98,687"
청림동,"118,645","126,705","110,584","119,107","119,107",,"114,851","118,150","111,553","122,845","113,176","132,515","137,783",,"137,783"
성현동,"95,297","95,014","95,581","103,802","103,472","104,132","78,181","99,391","56,971","97,449","109,498","85,399","166,289","104,402","228,176"
행운동,"104,313","132,907","75,719","105,315","119,552","91,079","108,227","121,069","95,384","107,434","114,943","99,925","122,273","121,392","123,155"
낙성대동,"152,235","187,553","116,917","143,512","167,884","119,140","128,463","168,376","88,550","124,139","167,954","80,325","131,579","196,761","66,397"
청룡동,"119,617","147,749","91,484","119,092","155,823","82,361","126,694","143,678","109,710","129,401","144,379","114,424","130,593","141,481","119,705"
은천동,"92,988","120,931","65,045","83,179","108,961","57,398","90,483","120,979","59,988","93,072","118,676","67,468","101,587","133,838","69,336"
중앙동,"90,251","118,580","61,922","106,266","149,967","62,565","106,211","148,192","64,230","111,746","156,810","66,683","113,777","164,566","62,987"
인헌동,"117,287","160,560","74,015","117,476","152,854","82,098","133,134","180,892","85,376","114,321","152,698","75,943","116,237","154,531","77,943"
남현동,"142,933","185,731","100,134","139,153","200,838","77,467","164,489","201,078","127,900","164,002","184,775","143,229","158,551","144,836","172,266"
서원동,"167,535","229,453","105,617","169,527","226,595","112,460","143,638","197,865","89,412","135,957","180,522","91,392","129,679","188,093","71,265"
신원동,"89,242","125,955","52,528","80,229","120,557","39,901","86,262","121,251","51,274","87,678","119,440","55,916","88,964","119,888","58,041"
서림동,"82,354","92,721","71,987","80,376","87,393","73,359","67,807","84,118","51,497","71,045","97,275","44,814","80,712","96,296","65,127"
신사동1,"85,109","115,778","54,440","87,960","119,795","56,126","96,367","131,484","61,250","95,097","127,591","62,603","99,085","129,128","69,043"
신림동,"135,205","172,462","97,948","151,055","204,602","97,507","148,865","200,377","97,353","142,653","184,220","101,085","134,624","163,114","106,133"
난향동,"84,242","87,836","80,648","38,723",,"38,723","113,971","193,590","34,353","37,588",,"37,588","40,762",,"40,762"
조원동,"85,240","106,001","64,478","93,956","108,213","79,700","103,070","120,460","85,680","103,614","139,973","67,255","105,473","147,362","63,584"
대학동,"102,135","132,964","71,306","90,824","122,235","59,414","89,865","125,284","54,446","87,255","120,683","53,827","90,746","123,363","58,128"
삼성동,"82,013","88,529","75,497","86,687","111,914","61,460","64,459","94,478","34,439","72,386","105,396","39,376","75,953","111,315","40,591"
미성동,"94,046","115,603","72,490","90,481","98,075","82,886","95,647","117,241","74,053","103,830","118,690","88,971","101,140","125,658","76,622"
난곡동,"102,051","101,022","103,079","112,802","128,783","96,821","103,785","117,621","89,948","110,878","135,296","86,461","158,648","134,712","182,584"
서초1동,"123,822","134,048","113,596","127,816","135,125","120,507","114,310","129,732","98,887","136,224","149,977","122,471","141,289","163,993","118,585"
서초2동,"158,168","180,598","135,737","177,251","214,070","140,432","182,026","223,477","140,575","216,989","277,134","156,844","224,294","286,103","162,484"
서초3동,"128,465","163,331","93,598","134,876","166,016","103,736","139,918","172,806","107,031","125,431","144,950","105,913","133,297","158,908","107,686"
서초4동,"161,047","199,296","122,798","168,005","202,912","133,097","160,970","192,018","129,921","170,607","208,466","132,748","161,138","207,905","114,371"
잠원동,"134,949","146,958","122,940","133,205","128,734","137,677","128,892","134,715","123,070","121,042","122,331","119,753","117,211","119,994","114,429"
반포본동,"90,216","121,316","59,116","100,722","119,239","82,205","111,704","117,299","106,109","238,345",,"238,345","167,809","126,976","208,643"
반포1동,"151,210","168,090","134,329","127,552","150,485","104,618","129,802","155,629","103,976","122,628","142,567","102,688","149,065","176,457","121,673"
반포2동,"257,064","344,214","169,914","265,063","346,711","183,415","253,347","304,023","202,671","271,246","341,287","201,204",,,
반포3동,"168,678","236,515","100,841","163,073","249,035","77,111","141,825","209,933","73,717","130,494","169,659","91,330","139,919",,"139,919"
반포4동,"176,641","188,782","164,500","180,514","193,003","168,024","192,354","204,970","179,738","186,888","208,568","165,208","195,065","229,622","160,509"
방배본동,"112,550","139,706","85,395","109,489","143,365","75,614","112,449","147,790","77,109","99,659","144,026","55,292","102,606","145,349","59,863"
방배1동,"119,593","129,309","109,877","141,044","158,811","123,277","134,204","144,003","124,406","123,989","145,513","102,465","109,902","127,938","91,865"
방배2동,"116,633","127,178","106,088","120,969","131,648","110,289","118,126","127,396","108,856","125,127","139,954","110,301","138,670","145,789","131,551"
방배3동,"107,390","135,081","79,699","107,193","93,147","121,240","102,928","92,359","113,498","116,924","105,221","128,626","111,952","98,341","125,562"
방배4동,"110,614","134,841","86,388","116,684","150,660","82,708","102,567","129,978","75,156","103,288","130,799","75,776","97,638","120,115","75,161"
양재1동,"109,175","137,714","80,637","106,248","144,132","68,365","106,440","137,029","75,852","109,643","137,218","82,068","113,881","138,807","88,954"
양재2동,"91,573","112,012","71,135","90,386","100,229","80,543","100,575","100,718","100,432","100,272","102,080","98,464","113,608","119,263","107,953"
내곡동,"105,963","98,710","113,217","136,648","136,648",,"365,400","158,087","572,714","222,583","157,210","287,957","187,009","118,959","255,060"
신사동2,"155,460","203,637","107,283","177,976","241,995","113,956","175,382","235,938","114,825","178,809","236,633","120,985","177,010","204,484","149,535"
논현1동,"139,606","170,447","108,765","159,767","178,975","140,559","177,723","210,014","145,432","175,994","206,387","145,601","174,228","219,004","129,453"
논현2동,"132,028","155,602","108,454","145,514","172,567","118,462","142,987","170,729","115,244","142,248","166,981","117,515","161,685","186,179","137,191"
압구정동,"158,563","213,119","104,007","164,654","205,144","124,164","175,449","201,389","149,509","189,699","213,055","166,342","185,519","218,287","152,752"
청담동,"152,158","187,854","116,463","165,520","205,342","125,698","175,102","211,930","138,274","177,230","205,333","149,126","171,914","184,430","159,398"
삼성1동,"202,706","179,666","225,747","229,029","208,150","249,909","250,055","248,466","251,645","243,736","208,086","279,386","221,293","146,181","296,405"
삼성2동,"157,246","176,345","138,147","172,541","178,432","166,651","195,611","208,392","182,829","190,623","203,598","177,648","173,437","185,418","161,457"
대치1동,"190,164","240,004","140,325","207,314","259,609","155,019","208,099","248,375","167,824","238,060","287,165","188,954","255,221","291,267","219,176"
대치2동,"150,247","191,262","109,231","146,490","173,370","119,610","162,073","194,018","130,128","185,156","229,570","140,742","200,171","258,565","141,778"
대치4동,"153,079","194,854","111,303","172,237","229,327","115,147","183,652","244,564","122,740","180,681","240,750","120,612","168,903","212,791","125,014"
역삼1동,"153,742","161,989","145,495","163,691","169,994","157,389","166,360","174,873","157,848","168,120","182,473","153,766","167,232","179,321","155,143"
역삼2동,"159,040","183,802","134,279","171,670","211,142","132,198","173,746","217,215","130,277","177,199","218,806","135,591","173,621","197,435","149,808"
도곡1동,"139,995","185,707","94,282","169,669","190,019","149,320","188,617","196,748","180,487","196,452","200,433","192,471","174,770","172,589","176,951"
도곡2동,"170,414","214,200","126,628","160,503","171,415","149,591","150,077","166,376","133,778","144,406","142,895","145,916","146,234","162,043","130,425"
개포1동,"125,744","180,244","71,243",,,,"127,270","213,467","41,072",,,,,,
개포2동,"157,533","162,366","152,700","191,545","182,667","200,422","187,224","186,953","187,495","196,997","192,624","201,370","158,892","168,969","148,816"
개포4동,"82,785","96,804","68,765","86,304","104,084","68,524","93,700","106,332","81,067","94,782","101,001","88,564","93,682","95,471","91,894"
세곡동,"147,791","171,417","124,165","144,580","157,169","131,991","162,456","159,301","165,610","156,336","174,197","138,476","168,776","191,378","146,175"
일원본동,"147,191","205,709","88,672","234,766","234,766",,"183,516","212,884","154,148","174,265","231,125","117,404","183,414",,"183,414"
일원1동,"99,879","149,151","50,607","113,167","165,038","61,297","98,325","156,991","39,658","93,956","107,341","80,571","98,480","100,933","96,027"
일원2동,"183,093","273,176","93,010","95,836",,"95,836","235,090","376,593","93,587","255,639","359,942","151,336","191,506",,"191,506"
수서동,"148,852","177,445","120,259","206,036","225,950","186,121","166,804","184,237","149,371","163,218","184,237","142,199","104,973",,"104,973"
풍납1동,"113,131","127,215","99,047","163,693","177,366","150,020","166,454","220,573","112,335","154,587","250,608","58,565","90,702","114,916","66,489"
풍납2동,"119,451","133,705","105,198","132,170","135,014","129,327","119,038","126,635","111,441","92,966","121,647","64,284","96,054","126,251","65,856"
거여1동,"92,766","129,785","55,747","112,107","148,091","76,123","111,591","158,995","64,187","170,787","239,124","102,451","162,653","230,860","94,447"
거여2동,"163,458","202,223","124,693","201,260","215,959","186,561","135,223","198,644","71,803","168,938","246,725","91,152","203,060","311,359","94,761"
마천1동,"87,353","123,452","51,253","90,598","149,422","31,774","61,986","84,291","39,681","56,017","72,434","39,599","64,731","72,610","56,852"
마천2동,"110,089","146,791","73,387","107,729","119,518","95,940","141,998","129,289","154,708","143,431","123,383","163,478","162,157","134,766","189,549"
방이1동,"120,537","154,731","86,343","130,918","133,130","128,706","153,237","153,222","153,253","158,487","134,518","182,456","172,516","119,819","225,212"
방이2동,"158,535","203,675","113,396","179,249","238,842","119,657","198,809","245,964","151,654","194,105","228,906","159,303","188,894","218,854","158,934"
오륜동,"228,624","252,045","205,202","271,684","271,684",,"357,446","288,673","426,219","252,163","252,163",,"277,291","277,291",
오금동,"126,474","141,102","111,846","128,448","153,734","103,161","127,545","160,237","94,853","139,790","170,766","108,814","140,229","169,639","110,820"
송파1동,"147,363","174,294","120,433","172,612","203,098","142,126","176,269","213,101","139,436","203,039","212,287","193,791","191,240","193,093","189,386"
송파2동,"110,419","151,770","69,069","132,918","157,621","108,216","153,528","166,094","140,961","161,456","193,516","129,396","162,481","176,754","148,209"
석촌동,"158,476","186,296","130,655","185,771","207,803","163,740","202,675","230,126","175,225","210,293","236,623","183,963","179,454","194,899","164,010"
삼전동,"144,424","156,474","132,373","131,637","140,300","122,974","153,146","173,339","132,953","153,705","173,792","133,618","158,580","164,503","152,657"
가락본동,"131,976","152,338","111,615","148,616","179,552","117,680","155,378","177,476","133,281","146,546","159,533","133,559","150,114","174,944","125,284"
가락1동,"212,836","228,844","196,828","156,185","148,351","164,018","168,222","122,483","213,960","154,367","111,380","197,355","165,395","121,592","209,198"
가락2동,"128,762","149,852","107,671","184,975","193,575","176,375","191,125","204,064","178,186","185,015","215,004","155,026","164,305","200,440","128,170"
문정1동,"139,773","149,188","130,359","133,115","161,326","104,905","150,999","181,952","120,047","148,778","175,207","122,349","163,437","179,492","147,382"
문정2동,"174,936","223,926","125,947","175,525","218,821","132,229","168,670","210,913","126,428","169,556","212,365","126,748","165,305","211,218","119,392"
장지동,"114,723","118,354","111,092","135,224","148,130","122,318","151,908","157,763","146,054","195,629","192,459","198,799","203,356","195,574","211,137"
위례동,"173,933","222,230","125,637","214,923","261,129","168,717","238,054","308,546","167,563","211,689","269,677","153,700","197,451","258,411","136,491"
잠실본동,"137,223","181,131","93,315","152,024","184,569","119,479","174,744","212,418","137,071","187,448","223,735","151,161","185,256","234,085","136,428"
잠실2동,"314,467","414,660","214,275","251,051","320,240","181,862","319,452","387,713","251,192","371,154","479,959","262,349","403,375","489,544","317,206"
잠실3동,"232,742","268,049","197,435","208,915","260,264","157,566","236,447","302,464","170,429","241,835","277,875","205,796","253,240","256,842","249,637"
잠실4동,"295,681","421,926","169,436","151,571",,"151,571","353,204","518,060","188,348",,,,"191,431",,"191,431"
잠실6동,"177,729","201,527","153,931","180,916","249,987","111,845","139,327","193,042","85,612","164,717","203,017","126,418","174,066","207,118","141,013"
잠실7동,"234,877","234,877",,"229,044","229,044",,"97,285","161,156","33,414",,,,,,
강일동,"161,408","223,739","99,078","154,170","225,598","82,743","144,400","198,375","90,425","128,245","164,957","91,532","132,287","165,634","98,940"
상일동,"161,710","221,356","102,063","148,708","200,900","96,517","155,636","198,644","112,628","152,353","198,067","106,640","130,204","193,998","66,410"
명일1동,"108,783","134,386","83,179","93,197","129,071","57,323","98,853","133,380","64,326","101,639","134,280","68,999","108,264","137,111","79,418"
명일2동,"119,188","174,500","63,876","113,787","167,250","60,324","122,474","184,277","60,670","123,342","183,046","63,639","125,379","191,437","59,320"
고덕1동,"114,909","128,532","101,286","108,252","155,779","60,725","132,055","209,603","54,506","132,880","203,843","61,917","159,508","235,856","83,159"
고덕2동,"214,497","257,197","171,798","194,324","213,521","175,126","231,542","283,082","180,002","227,510","277,150","177,871","209,538","270,410","148,667"
암사1동,"96,064","120,118","72,010","102,428","115,175","89,681","101,056","125,199","76,913","103,992","128,982","79,001","104,905","130,297","79,514"
암사2동,"104,371","146,182","62,559","114,385","161,972","66,799","114,775","145,775","83,775","99,341","132,260","66,422","102,660","126,679","78,641"
암사3동,"136,327","106,793","165,861","158,368","127,753","188,984","156,510","134,592","178,428","175,091","145,890","204,292","179,898","134,056","225,740"
천호1동,"81,670","98,530","64,810","88,698","99,008","78,388","90,321","100,385","80,258","88,169","104,311","72,028","107,993","114,331","101,655"
천호2동,"106,435","129,227","83,644","107,863","118,530","97,195","101,163","111,824","90,502","105,765","109,987","101,543","93,639","100,954","86,325"
천호3동,"109,099","128,748","89,449","112,578","121,632","103,524","99,552","113,941","85,162","100,316","112,332","88,300","100,219","117,124","83,314"
성내1동,"86,124","113,683","58,566","83,287","115,834","50,740","87,509","114,776","60,242","77,929","98,768","57,091","85,521","100,369","70,673"
성내2동,"89,013","122,407","55,619","114,687","118,342","111,032","111,764","113,775","109,754","114,766","113,247","116,286","103,619","109,963","97,274"
성내3동,"93,484","110,094","76,875","94,845","113,885","75,804","104,321","134,276","74,366","112,321","143,274","81,368","118,454","142,528","94,379"
길동,"87,701","113,109","62,292","95,622","118,929","72,315","94,144","114,398","73,891","99,150","117,589","80,711","103,967","123,728","84,206"
둔촌1동,,,,,,,,,,,,,,,
둔촌2동,"83,418","105,202","61,634","81,769","113,461","50,077","93,867","109,900","77,833","90,603","106,471","74,736","108,795","113,948","103,641"
